"File","Folder","FromTo","Rule","Note","Detail"
"config_external_source.md",".net","5","MD012/no-multiple-blanks"," Multiple consecutive blank lines ","[Expected: 1; Actual: 2]"
"config_external_source.md",".net","7:1","MD009/no-trailing-spaces"," Trailing spaces ","[Expected: 0 or 2; Actual: 1]"
"config_external_source.md",".net","12","MD012/no-multiple-blanks"," Multiple consecutive blank lines ","[Expected: 1; Actual: 2]"
"config_external_source.md",".net","13:46","MD026/no-trailing-punctuation"," Trailing punctuation in heading ","[Punctuation: '...']"
"config_external_source.md",".net","15","MD012/no-multiple-blanks"," Multiple consecutive blank lines ","[Expected: 1; Actual: 2]"
"config_external_source.md",".net","20","MD012/no-multiple-blanks"," Multiple consecutive blank lines ","[Expected: 1; Actual: 2]"
"config_external_source.md",".net","27:1","MD009/no-trailing-spaces"," Trailing spaces ","[Expected: 0 or 2; Actual: 1]"
"config_external_source.md",".net","28:1","MD009/no-trailing-spaces"," Trailing spaces ","[Expected: 0 or 2; Actual: 1]"
"config_external_source.md",".net","28","MD012/no-multiple-blanks"," Multiple consecutive blank lines ","[Expected: 1; Actual: 2]"
"config_external_source.md",".net","29:1","MD009/no-trailing-spaces"," Trailing spaces ","[Expected: 0 or 2; Actual: 1]"
"config_external_source.md",".net","29","MD012/no-multiple-blanks"," Multiple consecutive blank lines ","[Expected: 1; Actual: 3]"
"config_external_source.md",".net","32","MD012/no-multiple-blanks"," Multiple consecutive blank lines ","[Expected: 1; Actual: 2]"
"config_external_source.md",".net","33:1","MD009/no-trailing-spaces"," Trailing spaces ","[Expected: 0 or 2; Actual: 1]"
"config_external_source.md",".net","33","MD012/no-multiple-blanks"," Multiple consecutive blank lines ","[Expected: 1; Actual: 3]"
"config_external_source.md",".net","57","MD012/no-multiple-blanks"," Multiple consecutive blank lines ","[Expected: 1; Actual: 2]"
"config_external_source.md",".net","58","MD012/no-multiple-blanks"," Multiple consecutive blank lines ","[Expected: 1; Actual: 3]"
"config_external_source.md",".net","61:53","MD047/single-trailing-newline"," Files should end with a single newline character","["
"detect_text_encoding.md",".net","7","MD012/no-multiple-blanks"," Multiple consecutive blank lines ","[Expected: 1; Actual: 2]"
"detect_text_encoding.md",".net","10","MD012/no-multiple-blanks"," Multiple consecutive blank lines ","[Expected: 1; Actual: 2]"
"detect_text_encoding.md",".net","13","MD012/no-multiple-blanks"," Multiple consecutive blank lines ","[Expected: 1; Actual: 2]"
"detect_text_encoding.md",".net","26","MD012/no-multiple-blanks"," Multiple consecutive blank lines ","[Expected: 1; Actual: 2]"
"detect_text_encoding.md",".net","51","MD012/no-multiple-blanks"," Multiple consecutive blank lines ","[Expected: 1; Actual: 2]"
"detect_text_encoding.md",".net","59","MD012/no-multiple-blanks"," Multiple consecutive blank lines ","[Expected: 1; Actual: 2]"
"detect_text_encoding.md",".net","62:1","MD007/ul-indent"," Unordered list indentation ","[Expected: 0; Actual: 1]"
"detect_text_encoding.md",".net","63:1","MD007/ul-indent"," Unordered list indentation ","[Expected: 0; Actual: 1]"
"detect_text_encoding.md",".net","64:1","MD007/ul-indent"," Unordered list indentation ","[Expected: 0; Actual: 1]"
"detect_text_encoding.md",".net","65:1","MD007/ul-indent"," Unordered list indentation ","[Expected: 0; Actual: 1]"
"detect_text_encoding.md",".net","65:165","MD047/single-trailing-newline"," Files should end with a single newline character","["
"load_datatable.md",".net","3","MD012/no-multiple-blanks"," Multiple consecutive blank lines ","[Expected: 1; Actual: 2]"
"load_datatable.md",".net","25","MD012/no-multiple-blanks"," Multiple consecutive blank lines ","[Expected: 1; Actual: 2]"
"load_datatable.md",".net","28","MD012/no-multiple-blanks"," Multiple consecutive blank lines ","[Expected: 1; Actual: 2]"
"load_datatable.md",".net","38:1","MD009/no-trailing-spaces"," Trailing spaces ","[Expected: 0 or 2; Actual: 1]"
"load_datatable.md",".net","38","MD012/no-multiple-blanks"," Multiple consecutive blank lines ","[Expected: 1; Actual: 2]"
"load_datatable.md",".net","59","MD012/no-multiple-blanks"," Multiple consecutive blank lines ","[Expected: 1; Actual: 2]"
"override_equals.md",".net","1:41","MD020/no-missing-space-closed-atx"," No space inside hashes on closed atx style heading ","[Context: ""...quals to compare objects in C#""]"
"override_equals.md",".net","7","MD012/no-multiple-blanks"," Multiple consecutive blank lines ","[Expected: 1; Actual: 2]"
"override_equals.md",".net","8","MD012/no-multiple-blanks"," Multiple consecutive blank lines ","[Expected: 1; Actual: 3]"
"parse_exact.md",".net","1:33","MD009/no-trailing-spaces"," Trailing spaces ","[Expected: 0 or 2; Actual: 1]"
"parse_exact.md",".net","5","MD012/no-multiple-blanks"," Multiple consecutive blank lines ","[Expected: 1; Actual: 2]"
"parse_exact.md",".net","6:158","MD047/single-trailing-newline"," Files should end with a single newline character","["
"pluralize.md",".net","5","MD012/no-multiple-blanks"," Multiple consecutive blank lines ","[Expected: 1; Actual: 2]"
"pluralize.md",".net","8","MD012/no-multiple-blanks"," Multiple consecutive blank lines ","[Expected: 1; Actual: 2]"
"pluralize.md",".net","17:2","MD047/single-trailing-newline"," Files should end with a single newline character","["
"retry_pattern.md",".net","1:20","MD020/no-missing-space-closed-atx"," No space inside hashes on closed atx style heading ","[Context: ""# Retry Pattern in C#""]"
"retry_pattern.md",".net","32:2","MD047/single-trailing-newline"," Files should end with a single newline character","["
"zipfile.md",".net","7:1","MD007/ul-indent"," Unordered list indentation ","[Expected: 0; Actual: 1]"
"zipfile.md",".net","8:1","MD007/ul-indent"," Unordered list indentation ","[Expected: 0; Actual: 1]"
"zipfile.md",".net","19:2","MD047/single-trailing-newline"," Files should end with a single newline character","["
"bind_post_to_action.md",".net_core_MVC","15:1","MD007/ul-indent"," Unordered list indentation ","[Expected: 0; Actual: 1]"
"bind_post_to_action.md",".net_core_MVC","16:1","MD007/ul-indent"," Unordered list indentation ","[Expected: 0; Actual: 1]"
"bind_post_to_action.md",".net_core_MVC","16:139","MD047/single-trailing-newline"," Files should end with a single newline character","["
"call_bash.md",".net_core_MVC","1:45","MD026/no-trailing-punctuation"," Trailing punctuation in heading ","[Punctuation: '.']"
"call_bash.md",".net_core_MVC","3","MD012/no-multiple-blanks"," Multiple consecutive blank lines ","[Expected: 1; Actual: 2]"
"call_bash.md",".net_core_MVC","6","MD012/no-multiple-blanks"," Multiple consecutive blank lines ","[Expected: 1; Actual: 2]"
"call_bash.md",".net_core_MVC","21:1","MD009/no-trailing-spaces"," Trailing spaces ","[Expected: 0 or 2; Actual: 4]"
"call_bash.md",".net_core_MVC","22","MD012/no-multiple-blanks"," Multiple consecutive blank lines ","[Expected: 1; Actual: 2]"
"call_bash.md",".net_core_MVC","23:45","MD047/single-trailing-newline"," Files should end with a single newline character","["
"CodeAnalysis_CSharp_Analyzers_dll_could_not_be_found.md",".net_core_MVC","18:41","MD009/no-trailing-spaces"," Trailing spaces ","[Expected: 0 or 2; Actual: 1]"
"CodeAnalysis_CSharp_Analyzers_dll_could_not_be_found.md",".net_core_MVC","38","MD012/no-multiple-blanks"," Multiple consecutive blank lines ","[Expected: 1; Actual: 2]"
"CodeAnalysis_CSharp_Analyzers_dll_could_not_be_found.md",".net_core_MVC","41","MD012/no-multiple-blanks"," Multiple consecutive blank lines ","[Expected: 1; Actual: 2]"
"CodeAnalysis_CSharp_Analyzers_dll_could_not_be_found.md",".net_core_MVC","42","MD012/no-multiple-blanks"," Multiple consecutive blank lines ","[Expected: 1; Actual: 3]"
"CodeAnalysis_CSharp_Analyzers_dll_could_not_be_found.md",".net_core_MVC","43","MD012/no-multiple-blanks"," Multiple consecutive blank lines ","[Expected: 1; Actual: 4]"
"custom_port.md",".net_core_MVC","3","MD012/no-multiple-blanks"," Multiple consecutive blank lines ","[Expected: 1; Actual: 2]"
"custom_port.md",".net_core_MVC","10:66","MD009/no-trailing-spaces"," Trailing spaces ","[Expected: 0 or 2; Actual: 4]"
"custom_port.md",".net_core_MVC","35","MD012/no-multiple-blanks"," Multiple consecutive blank lines ","[Expected: 1; Actual: 2]"
"custom_port.md",".net_core_MVC","36","MD012/no-multiple-blanks"," Multiple consecutive blank lines ","[Expected: 1; Actual: 3]"
"custom_port.md",".net_core_MVC","37:1","MD009/no-trailing-spaces"," Trailing spaces ","[Expected: 0 or 2; Actual: 1]"
"custom_port.md",".net_core_MVC","37","MD012/no-multiple-blanks"," Multiple consecutive blank lines ","[Expected: 1; Actual: 4]"
"custom_port.md",".net_core_MVC","50:1","MD009/no-trailing-spaces"," Trailing spaces ","[Expected: 0 or 2; Actual: 6]"
"custom_port.md",".net_core_MVC","55:1","MD007/ul-indent"," Unordered list indentation ","[Expected: 0; Actual: 1]"
"custom_port.md",".net_core_MVC","56:1","MD009/no-trailing-spaces"," Trailing spaces ","[Expected: 0 or 2; Actual: 1]"
"custom_port.md",".net_core_MVC","57:1","MD009/no-trailing-spaces"," Trailing spaces ","[Expected: 0 or 2; Actual: 1]"
"custom_port.md",".net_core_MVC","57","MD012/no-multiple-blanks"," Multiple consecutive blank lines ","[Expected: 1; Actual: 2]"
"documenting_asp_net_core.md",".net_core_MVC","3","MD012/no-multiple-blanks"," Multiple consecutive blank lines ","[Expected: 1; Actual: 2]"
"documenting_asp_net_core.md",".net_core_MVC","4:1","MD007/ul-indent"," Unordered list indentation ","[Expected: 0; Actual: 1]"
"documenting_asp_net_core.md",".net_core_MVC","7:1","MD007/ul-indent"," Unordered list indentation ","[Expected: 0; Actual: 1]"
"documenting_asp_net_core.md",".net_core_MVC","10:1","MD007/ul-indent"," Unordered list indentation ","[Expected: 0; Actual: 1]"
"documenting_asp_net_core.md",".net_core_MVC","12:1","MD009/no-trailing-spaces"," Trailing spaces ","[Expected: 0 or 2; Actual: 4]"
"documenting_asp_net_core.md",".net_core_MVC","13","MD012/no-multiple-blanks"," Multiple consecutive blank lines ","[Expected: 1; Actual: 2]"
"documenting_asp_net_core.md",".net_core_MVC","14","MD012/no-multiple-blanks"," Multiple consecutive blank lines ","[Expected: 1; Actual: 3]"
"error_in_g_cs.md",".net_core_MVC","5","MD012/no-multiple-blanks"," Multiple consecutive blank lines ","[Expected: 1; Actual: 2]"
"error_in_g_cs.md",".net_core_MVC","17","MD012/no-multiple-blanks"," Multiple consecutive blank lines ","[Expected: 1; Actual: 2]"
"form_value_count_limit_1024_exceeded.md",".net_core_MVC","7","MD012/no-multiple-blanks"," Multiple consecutive blank lines ","[Expected: 1; Actual: 2]"
"form_value_count_limit_1024_exceeded.md",".net_core_MVC","46:1","MD009/no-trailing-spaces"," Trailing spaces ","[Expected: 0 or 2; Actual: 4]"
"form_value_count_limit_1024_exceeded.md",".net_core_MVC","46","MD012/no-multiple-blanks"," Multiple consecutive blank lines ","[Expected: 1; Actual: 2]"
"form_value_count_limit_1024_exceeded.md",".net_core_MVC","52:1","MD009/no-trailing-spaces"," Trailing spaces ","[Expected: 0 or 2; Actual: 4]"
"form_value_count_limit_1024_exceeded.md",".net_core_MVC","53:1","MD009/no-trailing-spaces"," Trailing spaces ","[Expected: 0 or 2; Actual: 4]"
"form_value_count_limit_1024_exceeded.md",".net_core_MVC","53","MD012/no-multiple-blanks"," Multiple consecutive blank lines ","[Expected: 1; Actual: 2]"
"form_value_count_limit_1024_exceeded.md",".net_core_MVC","56:1","MD007/ul-indent"," Unordered list indentation ","[Expected: 0; Actual: 1]"
"form_value_count_limit_1024_exceeded.md",".net_core_MVC","57:1","MD009/no-trailing-spaces"," Trailing spaces ","[Expected: 0 or 2; Actual: 3]"
"ip_address.md",".net_core_MVC","18:1","MD009/no-trailing-spaces"," Trailing spaces ","[Expected: 0 or 2; Actual: 4]"
"ip_address.md",".net_core_MVC","23","MD012/no-multiple-blanks"," Multiple consecutive blank lines ","[Expected: 1; Actual: 2]"
"ip_address.md",".net_core_MVC","26:82","MD009/no-trailing-spaces"," Trailing spaces ","[Expected: 0 or 2; Actual: 4]"
"ip_address.md",".net_core_MVC","27:1","MD009/no-trailing-spaces"," Trailing spaces ","[Expected: 0 or 2; Actual: 1]"
"ip_address.md",".net_core_MVC","30","MD012/no-multiple-blanks"," Multiple consecutive blank lines ","[Expected: 1; Actual: 2]"
"ip_address.md",".net_core_MVC","38:1","MD009/no-trailing-spaces"," Trailing spaces ","[Expected: 0 or 2; Actual: 4]"
"ip_address.md",".net_core_MVC","38","MD012/no-multiple-blanks"," Multiple consecutive blank lines ","[Expected: 1; Actual: 2]"
"ip_address.md",".net_core_MVC","41:1","MD007/ul-indent"," Unordered list indentation ","[Expected: 0; Actual: 1]"
"ip_address.md",".net_core_MVC","41:29","MD047/single-trailing-newline"," Files should end with a single newline character","["
"no_authentication_handler.md",".net_core_MVC","3","MD012/no-multiple-blanks"," Multiple consecutive blank lines ","[Expected: 1; Actual: 2]"
"no_authentication_handler.md",".net_core_MVC","6","MD012/no-multiple-blanks"," Multiple consecutive blank lines ","[Expected: 1; Actual: 2]"
"no_authentication_handler.md",".net_core_MVC","8:1","MD009/no-trailing-spaces"," Trailing spaces ","[Expected: 0 or 2; Actual: 4]"
"no_authentication_handler.md",".net_core_MVC","9","MD012/no-multiple-blanks"," Multiple consecutive blank lines ","[Expected: 1; Actual: 2]"
"no_authentication_handler.md",".net_core_MVC","10","MD012/no-multiple-blanks"," Multiple consecutive blank lines ","[Expected: 1; Actual: 3]"
"no_authentication_handler.md",".net_core_MVC","14:1","MD009/no-trailing-spaces"," Trailing spaces ","[Expected: 0 or 2; Actual: 8]"
"no_authentication_handler.md",".net_core_MVC","15:1","MD009/no-trailing-spaces"," Trailing spaces ","[Expected: 0 or 2; Actual: 8]"
"no_authentication_handler.md",".net_core_MVC","15","MD012/no-multiple-blanks"," Multiple consecutive blank lines ","[Expected: 1; Actual: 2]"
"no_authentication_handler.md",".net_core_MVC","20:1","MD009/no-trailing-spaces"," Trailing spaces ","[Expected: 0 or 2; Actual: 4]"
"no_authentication_handler.md",".net_core_MVC","20","MD012/no-multiple-blanks"," Multiple consecutive blank lines ","[Expected: 1; Actual: 2]"
"no_authentication_handler.md",".net_core_MVC","25:1","MD007/ul-indent"," Unordered list indentation ","[Expected: 0; Actual: 1]"
"no_authentication_handler.md",".net_core_MVC","25:141","MD047/single-trailing-newline"," Files should end with a single newline character","["
"remove_accent.md",".net_core_MVC","5","MD012/no-multiple-blanks"," Multiple consecutive blank lines ","[Expected: 1; Actual: 2]"
"remove_accent.md",".net_core_MVC","14","MD012/no-multiple-blanks"," Multiple consecutive blank lines ","[Expected: 1; Actual: 2]"
"remove_accent.md",".net_core_MVC","17:1","MD009/no-trailing-spaces"," Trailing spaces ","[Expected: 0 or 2; Actual: 3]"
"remove_accent.md",".net_core_MVC","17","MD012/no-multiple-blanks"," Multiple consecutive blank lines ","[Expected: 1; Actual: 2]"
"remove_accent.md",".net_core_MVC","20:1","MD009/no-trailing-spaces"," Trailing spaces ","[Expected: 0 or 2; Actual: 4]"
"remove_accent.md",".net_core_MVC","20","MD012/no-multiple-blanks"," Multiple consecutive blank lines ","[Expected: 1; Actual: 2]"
"remove_accent.md",".net_core_MVC","26:1","MD009/no-trailing-spaces"," Trailing spaces ","[Expected: 0 or 2; Actual: 4]"
"remove_accent.md",".net_core_MVC","53","MD012/no-multiple-blanks"," Multiple consecutive blank lines ","[Expected: 1; Actual: 2]"
"send_email_with_mailkit.md",".net_core_MVC","7","MD012/no-multiple-blanks"," Multiple consecutive blank lines ","[Expected: 1; Actual: 2]"
"send_email_with_mailkit.md",".net_core_MVC","8","MD012/no-multiple-blanks"," Multiple consecutive blank lines ","[Expected: 1; Actual: 3]"
"send_email_with_mailkit.md",".net_core_MVC","30","MD012/no-multiple-blanks"," Multiple consecutive blank lines ","[Expected: 1; Actual: 2]"
"send_email_with_mailkit.md",".net_core_MVC","31","MD012/no-multiple-blanks"," Multiple consecutive blank lines ","[Expected: 1; Actual: 3]"
"send_email_with_mailkit.md",".net_core_MVC","40:37","MD009/no-trailing-spaces"," Trailing spaces ","[Expected: 0 or 2; Actual: 1]"
"send_email_with_mailkit.md",".net_core_MVC","43","MD012/no-multiple-blanks"," Multiple consecutive blank lines ","[Expected: 1; Actual: 2]"
"send_email_with_mailkit.md",".net_core_MVC","54:1","MD009/no-trailing-spaces"," Trailing spaces ","[Expected: 0 or 2; Actual: 4]"
"send_email_with_mailkit.md",".net_core_MVC","54","MD012/no-multiple-blanks"," Multiple consecutive blank lines ","[Expected: 1; Actual: 2]"
"send_email_with_mailkit.md",".net_core_MVC","57:1","MD007/ul-indent"," Unordered list indentation ","[Expected: 0; Actual: 1]"
"send_email_with_mailkit.md",".net_core_MVC","58:1","MD009/no-trailing-spaces"," Trailing spaces ","[Expected: 0 or 2; Actual: 1]"
"send_email_with_mailkit.md",".net_core_MVC","63","MD012/no-multiple-blanks"," Multiple consecutive blank lines ","[Expected: 1; Actual: 2]"
"send_email_with_mailkit.md",".net_core_MVC","66","MD012/no-multiple-blanks"," Multiple consecutive blank lines ","[Expected: 1; Actual: 2]"
"send_email_with_mailkit.md",".net_core_MVC","69","MD012/no-multiple-blanks"," Multiple consecutive blank lines ","[Expected: 1; Actual: 2]"
"send_email_with_mailkit.md",".net_core_MVC","78:1","MD009/no-trailing-spaces"," Trailing spaces ","[Expected: 0 or 2; Actual: 16]"
"send_email_with_mailkit.md",".net_core_MVC","83:1","MD007/ul-indent"," Unordered list indentation ","[Expected: 0; Actual: 1]"
"send_email_with_mailkit.md",".net_core_MVC","84:1","MD009/no-trailing-spaces"," Trailing spaces ","[Expected: 0 or 2; Actual: 16]"
"send_email_with_mailkit.md",".net_core_MVC","85","MD012/no-multiple-blanks"," Multiple consecutive blank lines ","[Expected: 1; Actual: 2]"
"send_email_with_mailkit.md",".net_core_MVC","88:1","MD007/ul-indent"," Unordered list indentation ","[Expected: 0; Actual: 1]"
"send_email_with_mailkit.md",".net_core_MVC","88:136","MD047/single-trailing-newline"," Files should end with a single newline character","["
"server_mappath.md",".net_core_MVC","24:1","MD009/no-trailing-spaces"," Trailing spaces ","[Expected: 0 or 2; Actual: 4]"
"server_mappath.md",".net_core_MVC","24","MD012/no-multiple-blanks"," Multiple consecutive blank lines ","[Expected: 1; Actual: 2]"
"server_mappath.md",".net_core_MVC","27:1","MD009/no-trailing-spaces"," Trailing spaces ","[Expected: 0 or 2; Actual: 4]"
"server_mappath.md",".net_core_MVC","28:1","MD009/no-trailing-spaces"," Trailing spaces ","[Expected: 0 or 2; Actual: 14]"
"server_mappath.md",".net_core_MVC","28","MD012/no-multiple-blanks"," Multiple consecutive blank lines ","[Expected: 1; Actual: 2]"
"server_mappath.md",".net_core_MVC","29","MD012/no-multiple-blanks"," Multiple consecutive blank lines ","[Expected: 1; Actual: 3]"
"specified_framework_not_found.md",".net_core_MVC","1:81","MD026/no-trailing-punctuation"," Trailing punctuation in heading ","[Punctuation: '.']"
"specified_framework_not_found.md",".net_core_MVC","12:1","MD009/no-trailing-spaces"," Trailing spaces ","[Expected: 0 or 2; Actual: 6]"
"specified_framework_not_found.md",".net_core_MVC","21:1","MD009/no-trailing-spaces"," Trailing spaces ","[Expected: 0 or 2; Actual: 6]"
"specified_framework_not_found.md",".net_core_MVC","22","MD012/no-multiple-blanks"," Multiple consecutive blank lines ","[Expected: 1; Actual: 2]"
"specified_framework_not_found.md",".net_core_MVC","24:1","MD009/no-trailing-spaces"," Trailing spaces ","[Expected: 0 or 2; Actual: 4]"
"specified_framework_not_found.md",".net_core_MVC","31:1","MD009/no-trailing-spaces"," Trailing spaces ","[Expected: 0 or 2; Actual: 6]"
"specified_framework_not_found.md",".net_core_MVC","34","MD012/no-multiple-blanks"," Multiple consecutive blank lines ","[Expected: 1; Actual: 2]"
"specified_framework_not_found.md",".net_core_MVC","45","MD012/no-multiple-blanks"," Multiple consecutive blank lines ","[Expected: 1; Actual: 2]"
"specified_framework_not_found.md",".net_core_MVC","47:1","MD009/no-trailing-spaces"," Trailing spaces ","[Expected: 0 or 2; Actual: 4]"
"specified_framework_not_found.md",".net_core_MVC","55:1","MD009/no-trailing-spaces"," Trailing spaces ","[Expected: 0 or 2; Actual: 4]"
"specified_framework_not_found.md",".net_core_MVC","55","MD012/no-multiple-blanks"," Multiple consecutive blank lines ","[Expected: 1; Actual: 2]"
"specified_framework_not_found.md",".net_core_MVC","56:1","MD009/no-trailing-spaces"," Trailing spaces ","[Expected: 0 or 2; Actual: 4]"
"specified_framework_not_found.md",".net_core_MVC","56","MD012/no-multiple-blanks"," Multiple consecutive blank lines ","[Expected: 1; Actual: 3]"
"specified_framework_not_found.md",".net_core_MVC","57:66","MD009/no-trailing-spaces"," Trailing spaces ","[Expected: 0 or 2; Actual: 1]"
"specified_framework_not_found.md",".net_core_MVC","63","MD012/no-multiple-blanks"," Multiple consecutive blank lines ","[Expected: 1; Actual: 2]"
"specified_framework_not_found.md",".net_core_MVC","66","MD012/no-multiple-blanks"," Multiple consecutive blank lines ","[Expected: 1; Actual: 2]"
"specified_framework_not_found.md",".net_core_MVC","67","MD035/hr-style"," Horizontal rule style ","[Expected: ---; Actual: -----]"
"specified_framework_not_found.md",".net_core_MVC","71","MD012/no-multiple-blanks"," Multiple consecutive blank lines ","[Expected: 1; Actual: 2]"
"specified_framework_not_found.md",".net_core_MVC","89:64","MD047/single-trailing-newline"," Files should end with a single newline character","["
"UrlEncode.md",".net_core_MVC","13:1","MD007/ul-indent"," Unordered list indentation ","[Expected: 0; Actual: 1]"
"UrlEncode.md",".net_core_MVC","13:41","MD047/single-trailing-newline"," Files should end with a single newline character","["
"UrlParameter-Optional.md",".net_core_MVC","15","MD012/no-multiple-blanks"," Multiple consecutive blank lines ","[Expected: 1; Actual: 2]"
"UrlParameter-Optional.md",".net_core_MVC","21:1","MD009/no-trailing-spaces"," Trailing spaces ","[Expected: 0 or 2; Actual: 4]"
"UrlParameter-Optional.md",".net_core_MVC","22","MD012/no-multiple-blanks"," Multiple consecutive blank lines ","[Expected: 1; Actual: 2]"
"UrlParameter-Optional.md",".net_core_MVC","23","MD012/no-multiple-blanks"," Multiple consecutive blank lines ","[Expected: 1; Actual: 3]"
"UrlParameter-Optional.md",".net_core_MVC","26:1","MD007/ul-indent"," Unordered list indentation ","[Expected: 0; Actual: 1]"
"UrlParameter-Optional.md",".net_core_MVC","26:94","MD047/single-trailing-newline"," Files should end with a single newline character","["
"view_imports.md",".net_core_MVC","13:1","MD009/no-trailing-spaces"," Trailing spaces ","[Expected: 0 or 2; Actual: 4]"
"Create_Password_Protected_Zip_File_with_7z.md","7z","7","MD012/no-multiple-blanks"," Multiple consecutive blank lines ","[Expected: 1; Actual: 2]"
"getting_started_with_7zip.md","7z","3","MD012/no-multiple-blanks"," Multiple consecutive blank lines ","[Expected: 1; Actual: 2]"
"getting_started_with_7zip.md","7z","10","MD012/no-multiple-blanks"," Multiple consecutive blank lines ","[Expected: 1; Actual: 2]"
"getting_started_with_7zip.md","7z","14","MD035/hr-style"," Horizontal rule style ","[Expected: ---; Actual: -----]"
"getting_started_with_7zip.md","7z","16","MD012/no-multiple-blanks"," Multiple consecutive blank lines ","[Expected: 1; Actual: 2]"
"getting_started_with_7zip.md","7z","21","MD012/no-multiple-blanks"," Multiple consecutive blank lines ","[Expected: 1; Actual: 2]"
"getting_started_with_7zip.md","7z","24","MD012/no-multiple-blanks"," Multiple consecutive blank lines ","[Expected: 1; Actual: 2]"
"getting_started_with_7zip.md","7z","25:15","MD009/no-trailing-spaces"," Trailing spaces ","[Expected: 0 or 2; Actual: 1]"
"getting_started_with_7zip.md","7z","30","MD012/no-multiple-blanks"," Multiple consecutive blank lines ","[Expected: 1; Actual: 2]"
"getting_started_with_7zip.md","7z","31","MD035/hr-style"," Horizontal rule style ","[Expected: ---; Actual: -----]"
"getting_started_with_7zip.md","7z","33:33","MD009/no-trailing-spaces"," Trailing spaces ","[Expected: 0 or 2; Actual: 1]"
"getting_started_with_7zip.md","7z","39","MD012/no-multiple-blanks"," Multiple consecutive blank lines ","[Expected: 1; Actual: 2]"
"getting_started_with_7zip.md","7z","40","MD012/no-multiple-blanks"," Multiple consecutive blank lines ","[Expected: 1; Actual: 3]"
"getting_started_with_7zip.md","7z","41","MD035/hr-style"," Horizontal rule style ","[Expected: ---; Actual: -----]"
"getting_started_with_7zip.md","7z","43","MD012/no-multiple-blanks"," Multiple consecutive blank lines ","[Expected: 1; Actual: 2]"
"getting_started_with_7zip.md","7z","109:33","MD047/single-trailing-newline"," Files should end with a single newline character","["
"get-adgroup.md","active_directory","9","MD012/no-multiple-blanks"," Multiple consecutive blank lines ","[Expected: 1; Actual: 2]"
"get-adgroup.md","active_directory","18","MD012/no-multiple-blanks"," Multiple consecutive blank lines ","[Expected: 1; Actual: 2]"
"get-adgroup.md","active_directory","25","MD012/no-multiple-blanks"," Multiple consecutive blank lines ","[Expected: 1; Actual: 2]"
"get-adgroup.md","active_directory","32","MD012/no-multiple-blanks"," Multiple consecutive blank lines ","[Expected: 1; Actual: 2]"
"get-adgroup.md","active_directory","53","MD012/no-multiple-blanks"," Multiple consecutive blank lines ","[Expected: 1; Actual: 2]"
"get-adgroup.md","active_directory","60","MD012/no-multiple-blanks"," Multiple consecutive blank lines ","[Expected: 1; Actual: 2]"
"get-adgroup.md","active_directory","69","MD012/no-multiple-blanks"," Multiple consecutive blank lines ","[Expected: 1; Actual: 2]"
"get-adgroup.md","active_directory","77","MD012/no-multiple-blanks"," Multiple consecutive blank lines ","[Expected: 1; Actual: 2]"
"get-adgroup.md","active_directory","78:45","MD026/no-trailing-punctuation"," Trailing punctuation in heading ","[Punctuation: '...']"
"get-adgroup.md","active_directory","86","MD012/no-multiple-blanks"," Multiple consecutive blank lines ","[Expected: 1; Actual: 2]"
"get-adgroup.md","active_directory","93","MD012/no-multiple-blanks"," Multiple consecutive blank lines ","[Expected: 1; Actual: 2]"
"get-adgroup.md","active_directory","96","MD012/no-multiple-blanks"," Multiple consecutive blank lines ","[Expected: 1; Actual: 2]"
"get-adgroup.md","active_directory","114:1","MD007/ul-indent"," Unordered list indentation ","[Expected: 0; Actual: 1]"
"get-adgroup.md","active_directory","115:1","MD007/ul-indent"," Unordered list indentation ","[Expected: 0; Actual: 1]"
"get-adgroup.md","active_directory","116:1","MD007/ul-indent"," Unordered list indentation ","[Expected: 0; Actual: 1]"
"get-adgroup.md","active_directory","117:1","MD007/ul-indent"," Unordered list indentation ","[Expected: 0; Actual: 1]"
"get-adgroup.md","active_directory","118:1","MD007/ul-indent"," Unordered list indentation ","[Expected: 0; Actual: 1]"
"get-adgroup.md","active_directory","119:1","MD007/ul-indent"," Unordered list indentation ","[Expected: 0; Actual: 1]"
"get-adgroup.md","active_directory","120:1","MD007/ul-indent"," Unordered list indentation ","[Expected: 0; Actual: 1]"
"get-adgroup.md","active_directory","121:1","MD007/ul-indent"," Unordered list indentation ","[Expected: 0; Actual: 1]"
"get-adgroup.md","active_directory","122:1","MD007/ul-indent"," Unordered list indentation ","[Expected: 0; Actual: 1]"
"get-adgroup.md","active_directory","123:1","MD007/ul-indent"," Unordered list indentation ","[Expected: 0; Actual: 1]"
"get-adgroup.md","active_directory","124:1","MD007/ul-indent"," Unordered list indentation ","[Expected: 0; Actual: 1]"
"get-adgroup.md","active_directory","125:1","MD007/ul-indent"," Unordered list indentation ","[Expected: 0; Actual: 1]"
"get-adgroup.md","active_directory","126:1","MD007/ul-indent"," Unordered list indentation ","[Expected: 0; Actual: 1]"
"get-adgroup.md","active_directory","127:1","MD007/ul-indent"," Unordered list indentation ","[Expected: 0; Actual: 1]"
"get-adgroup.md","active_directory","128:1","MD007/ul-indent"," Unordered list indentation ","[Expected: 0; Actual: 1]"
"get-adgroup.md","active_directory","129:1","MD007/ul-indent"," Unordered list indentation ","[Expected: 0; Actual: 1]"
"get-adgroup.md","active_directory","130:1","MD007/ul-indent"," Unordered list indentation ","[Expected: 0; Actual: 1]"
"get-adgroup.md","active_directory","131:1","MD007/ul-indent"," Unordered list indentation ","[Expected: 0; Actual: 1]"
"get-adgroup.md","active_directory","132:1","MD007/ul-indent"," Unordered list indentation ","[Expected: 0; Actual: 1]"
"get-adgroup.md","active_directory","133:1","MD007/ul-indent"," Unordered list indentation ","[Expected: 0; Actual: 1]"
"get-adgroup.md","active_directory","134:1","MD007/ul-indent"," Unordered list indentation ","[Expected: 0; Actual: 1]"
"get-adgroup.md","active_directory","135:1","MD007/ul-indent"," Unordered list indentation ","[Expected: 0; Actual: 1]"
"get-adgroup.md","active_directory","136:1","MD007/ul-indent"," Unordered list indentation ","[Expected: 0; Actual: 1]"
"get-adgroup.md","active_directory","137:1","MD007/ul-indent"," Unordered list indentation ","[Expected: 0; Actual: 1]"
"get-adgroup.md","active_directory","138:1","MD007/ul-indent"," Unordered list indentation ","[Expected: 0; Actual: 1]"
"get-adgroup.md","active_directory","139:1","MD007/ul-indent"," Unordered list indentation ","[Expected: 0; Actual: 1]"
"get-adgroup.md","active_directory","140:1","MD007/ul-indent"," Unordered list indentation ","[Expected: 0; Actual: 1]"
"get-adgroup.md","active_directory","141:1","MD007/ul-indent"," Unordered list indentation ","[Expected: 0; Actual: 1]"
"get-adgroup.md","active_directory","142:1","MD007/ul-indent"," Unordered list indentation ","[Expected: 0; Actual: 1]"
"get-adgroup.md","active_directory","143:1","MD007/ul-indent"," Unordered list indentation ","[Expected: 0; Actual: 1]"
"get-adgroup.md","active_directory","144:1","MD007/ul-indent"," Unordered list indentation ","[Expected: 0; Actual: 1]"
"get-adgroup.md","active_directory","145:1","MD007/ul-indent"," Unordered list indentation ","[Expected: 0; Actual: 1]"
"get-adgroup.md","active_directory","146:1","MD007/ul-indent"," Unordered list indentation ","[Expected: 0; Actual: 1]"
"get-adgroup.md","active_directory","147:1","MD007/ul-indent"," Unordered list indentation ","[Expected: 0; Actual: 1]"
"get-adgroup.md","active_directory","148:1","MD007/ul-indent"," Unordered list indentation ","[Expected: 0; Actual: 1]"
"get-adgroup.md","active_directory","149:1","MD007/ul-indent"," Unordered list indentation ","[Expected: 0; Actual: 1]"
"get-adgroup.md","active_directory","150:1","MD007/ul-indent"," Unordered list indentation ","[Expected: 0; Actual: 1]"
"get-adgroup.md","active_directory","151:1","MD007/ul-indent"," Unordered list indentation ","[Expected: 0; Actual: 1]"
"get-adgroup.md","active_directory","152:1","MD007/ul-indent"," Unordered list indentation ","[Expected: 0; Actual: 1]"
"get-adgroup.md","active_directory","153:1","MD007/ul-indent"," Unordered list indentation ","[Expected: 0; Actual: 1]"
"get-adgroup.md","active_directory","154:1","MD007/ul-indent"," Unordered list indentation ","[Expected: 0; Actual: 1]"
"get-adgroup.md","active_directory","155:1","MD007/ul-indent"," Unordered list indentation ","[Expected: 0; Actual: 1]"
"get-adgroup.md","active_directory","156:1","MD007/ul-indent"," Unordered list indentation ","[Expected: 0; Actual: 1]"
"get-adgroup.md","active_directory","158","MD012/no-multiple-blanks"," Multiple consecutive blank lines ","[Expected: 1; Actual: 2]"
"get-adgroup.md","active_directory","159","MD012/no-multiple-blanks"," Multiple consecutive blank lines ","[Expected: 1; Actual: 3]"
"get-adgroup.md","active_directory","160:21","MD026/no-trailing-punctuation"," Trailing punctuation in heading ","[Punctuation: '...']"
"get-adgroup.md","active_directory","164","MD012/no-multiple-blanks"," Multiple consecutive blank lines ","[Expected: 1; Actual: 2]"
"get-adgroup.md","active_directory","165","MD012/no-multiple-blanks"," Multiple consecutive blank lines ","[Expected: 1; Actual: 3]"
"get-adgroup.md","active_directory","168","MD012/no-multiple-blanks"," Multiple consecutive blank lines ","[Expected: 1; Actual: 2]"
"get-adgroup.md","active_directory","175","MD012/no-multiple-blanks"," Multiple consecutive blank lines ","[Expected: 1; Actual: 2]"
"get-adgroup.md","active_directory","178","MD012/no-multiple-blanks"," Multiple consecutive blank lines ","[Expected: 1; Actual: 2]"
"get-adgroup.md","active_directory","181","MD012/no-multiple-blanks"," Multiple consecutive blank lines ","[Expected: 1; Actual: 2]"
"get-adgroup.md","active_directory","182","MD012/no-multiple-blanks"," Multiple consecutive blank lines ","[Expected: 1; Actual: 3]"
"get-adgroup.md","active_directory","185","MD012/no-multiple-blanks"," Multiple consecutive blank lines ","[Expected: 1; Actual: 2]"
"get-adgroup.md","active_directory","190","MD012/no-multiple-blanks"," Multiple consecutive blank lines ","[Expected: 1; Actual: 2]"
"get-adgroup.md","active_directory","193","MD012/no-multiple-blanks"," Multiple consecutive blank lines ","[Expected: 1; Actual: 2]"
"get-adgroup.md","active_directory","525","MD012/no-multiple-blanks"," Multiple consecutive blank lines ","[Expected: 1; Actual: 2]"
"get-adgroup.md","active_directory","528","MD012/no-multiple-blanks"," Multiple consecutive blank lines ","[Expected: 1; Actual: 2]"
"get-adgroup.md","active_directory","531","MD012/no-multiple-blanks"," Multiple consecutive blank lines ","[Expected: 1; Actual: 2]"
"get-adgroup.md","active_directory","534","MD012/no-multiple-blanks"," Multiple consecutive blank lines ","[Expected: 1; Actual: 2]"
"get-adgroup.md","active_directory","540","MD012/no-multiple-blanks"," Multiple consecutive blank lines ","[Expected: 1; Actual: 2]"
"get_airtable_data.md","airtable","13","MD012/no-multiple-blanks"," Multiple consecutive blank lines ","[Expected: 1; Actual: 2]"
"get_airtable_data.md","airtable","16","MD012/no-multiple-blanks"," Multiple consecutive blank lines ","[Expected: 1; Actual: 2]"
"get_airtable_data.md","airtable","28","MD012/no-multiple-blanks"," Multiple consecutive blank lines ","[Expected: 1; Actual: 2]"
"get_airtable_data.md","airtable","29","MD012/no-multiple-blanks"," Multiple consecutive blank lines ","[Expected: 1; Actual: 3]"
"get_airtable_data.md","airtable","30","MD012/no-multiple-blanks"," Multiple consecutive blank lines ","[Expected: 1; Actual: 4]"
"get_airtable_data.md","airtable","34","MD035/hr-style"," Horizontal rule style ","[Expected: ---; Actual: -----------      -----]"
"get_airtable_data.md","airtable","35:27","MD033/no-inline-html"," Inline HTML ","[Element: name]"
"get_airtable_data.md","airtable","37","MD012/no-multiple-blanks"," Multiple consecutive blank lines ","[Expected: 1; Actual: 2]"
"get_airtable_data.md","airtable","41:1","MD009/no-trailing-spaces"," Trailing spaces ","[Expected: 0 or 2; Actual: 1]"
"get_airtable_data.md","airtable","44","MD012/no-multiple-blanks"," Multiple consecutive blank lines ","[Expected: 1; Actual: 2]"
"get_airtable_data.md","airtable","46:1","MD009/no-trailing-spaces"," Trailing spaces ","[Expected: 0 or 2; Actual: 1]"
"get_airtable_data.md","airtable","47","MD012/no-multiple-blanks"," Multiple consecutive blank lines ","[Expected: 1; Actual: 2]"
"get_airtable_data.md","airtable","50","MD012/no-multiple-blanks"," Multiple consecutive blank lines ","[Expected: 1; Actual: 2]"
"get_airtable_data.md","airtable","63","MD012/no-multiple-blanks"," Multiple consecutive blank lines ","[Expected: 1; Actual: 2]"
"get_airtable_data.md","airtable","68","MD012/no-multiple-blanks"," Multiple consecutive blank lines ","[Expected: 1; Actual: 2]"
"getting_started_deborah_kurata.md","angular","3","MD012/no-multiple-blanks"," Multiple consecutive blank lines ","[Expected: 1; Actual: 2]"
"getting_started_deborah_kurata.md","angular","18","MD012/no-multiple-blanks"," Multiple consecutive blank lines ","[Expected: 1; Actual: 2]"
"getting_started_deborah_kurata.md","angular","19","MD012/no-multiple-blanks"," Multiple consecutive blank lines ","[Expected: 1; Actual: 3]"
"getting_started_deborah_kurata.md","angular","41","MD012/no-multiple-blanks"," Multiple consecutive blank lines ","[Expected: 1; Actual: 2]"
"getting_started_deborah_kurata.md","angular","44","MD012/no-multiple-blanks"," Multiple consecutive blank lines ","[Expected: 1; Actual: 2]"
"getting_started_deborah_kurata.md","angular","47:1","MD004/ul-style"," Unordered list style ","[Expected: asterisk; Actual: dash]"
"getting_started_deborah_kurata.md","angular","48:1","MD004/ul-style"," Unordered list style ","[Expected: asterisk; Actual: dash]"
"getting_started_deborah_kurata.md","angular","48:70","MD009/no-trailing-spaces"," Trailing spaces ","[Expected: 0 or 2; Actual: 1]"
"getting_started_deborah_kurata.md","angular","49:1","MD004/ul-style"," Unordered list style ","[Expected: asterisk; Actual: dash]"
"getting_started_deborah_kurata.md","angular","50:1","MD004/ul-style"," Unordered list style ","[Expected: asterisk; Actual: dash]"
"getting_started_deborah_kurata.md","angular","51:1","MD004/ul-style"," Unordered list style ","[Expected: asterisk; Actual: dash]"
"getting_started_deborah_kurata.md","angular","52:1","MD004/ul-style"," Unordered list style ","[Expected: asterisk; Actual: dash]"
"getting_started_deborah_kurata.md","angular","56:1","MD004/ul-style"," Unordered list style ","[Expected: asterisk; Actual: dash]"
"getting_started_deborah_kurata.md","angular","56:227","MD009/no-trailing-spaces"," Trailing spaces ","[Expected: 0 or 2; Actual: 1]"
"getting_started_deborah_kurata.md","angular","57:1","MD004/ul-style"," Unordered list style ","[Expected: asterisk; Actual: dash]"
"getting_started_deborah_kurata.md","angular","59","MD012/no-multiple-blanks"," Multiple consecutive blank lines ","[Expected: 1; Actual: 2]"
"getting_started_deborah_kurata.md","angular","60","MD012/no-multiple-blanks"," Multiple consecutive blank lines ","[Expected: 1; Actual: 3]"
"getting_started_deborah_kurata.md","angular","63:1","MD004/ul-style"," Unordered list style ","[Expected: asterisk; Actual: dash]"
"getting_started_deborah_kurata.md","angular","64:1","MD004/ul-style"," Unordered list style ","[Expected: asterisk; Actual: dash]"
"getting_started_deborah_kurata.md","angular","65:1","MD004/ul-style"," Unordered list style ","[Expected: asterisk; Actual: dash]"
"getting_started_deborah_kurata.md","angular","65:16","MD034/no-bare-urls"," Bare URL used ","[Context: ""https://nodejs.org/en/download""]"
"getting_started_deborah_kurata.md","angular","76:1","MD004/ul-style"," Unordered list style ","[Expected: asterisk; Actual: dash]"
"getting_started_deborah_kurata.md","angular","77:1","MD004/ul-style"," Unordered list style ","[Expected: asterisk; Actual: dash]"
"getting_started_deborah_kurata.md","angular","78:1","MD004/ul-style"," Unordered list style ","[Expected: asterisk; Actual: dash]"
"getting_started_deborah_kurata.md","angular","79:1","MD004/ul-style"," Unordered list style ","[Expected: asterisk; Actual: dash]"
"getting_started_deborah_kurata.md","angular","80:1","MD004/ul-style"," Unordered list style ","[Expected: asterisk; Actual: dash]"
"getting_started_deborah_kurata.md","angular","84","MD012/no-multiple-blanks"," Multiple consecutive blank lines ","[Expected: 1; Actual: 2]"
"getting_started_deborah_kurata.md","angular","85","MD012/no-multiple-blanks"," Multiple consecutive blank lines ","[Expected: 1; Actual: 3]"
"getting_started_deborah_kurata.md","angular","92","MD012/no-multiple-blanks"," Multiple consecutive blank lines ","[Expected: 1; Actual: 2]"
"getting_started_deborah_kurata.md","angular","116:24","MD026/no-trailing-punctuation"," Trailing punctuation in heading ","[Punctuation: '.....']"
"getting_started_deborah_kurata.md","angular","118","MD012/no-multiple-blanks"," Multiple consecutive blank lines ","[Expected: 1; Actual: 2]"
"getting_started_deborah_kurata.md","angular","147","MD012/no-multiple-blanks"," Multiple consecutive blank lines ","[Expected: 1; Actual: 2]"
"getting_started_deborah_kurata.md","angular","148","MD012/no-multiple-blanks"," Multiple consecutive blank lines ","[Expected: 1; Actual: 3]"
"getting_started_deborah_kurata.md","angular","149","MD012/no-multiple-blanks"," Multiple consecutive blank lines ","[Expected: 1; Actual: 4]"
"getting_started_deborah_kurata.md","angular","153:1","MD009/no-trailing-spaces"," Trailing spaces ","[Expected: 0 or 2; Actual: 1]"
"getting_started_deborah_kurata.md","angular","158","MD012/no-multiple-blanks"," Multiple consecutive blank lines ","[Expected: 1; Actual: 2]"
"getting_started_deborah_kurata.md","angular","165","MD012/no-multiple-blanks"," Multiple consecutive blank lines ","[Expected: 1; Actual: 2]"
"getting_started_deborah_kurata.md","angular","168","MD012/no-multiple-blanks"," Multiple consecutive blank lines ","[Expected: 1; Actual: 2]"
"getting_started_deborah_kurata.md","angular","195","MD012/no-multiple-blanks"," Multiple consecutive blank lines ","[Expected: 1; Actual: 2]"
"getting_started_deborah_kurata.md","angular","217","MD012/no-multiple-blanks"," Multiple consecutive blank lines ","[Expected: 1; Actual: 2]"
"getting_started_deborah_kurata.md","angular","218","MD012/no-multiple-blanks"," Multiple consecutive blank lines ","[Expected: 1; Actual: 3]"
"getting_started_deborah_kurata.md","angular","219","MD012/no-multiple-blanks"," Multiple consecutive blank lines ","[Expected: 1; Actual: 4]"
"getting_started_deborah_kurata.md","angular","226:1","MD034/no-bare-urls"," Bare URL used ","[Context: ""https://app.pluralsight.com/li...""]"
"getting_started_deborah_kurata.md","angular","232:1","MD004/ul-style"," Unordered list style ","[Expected: asterisk; Actual: dash]"
"getting_started_deborah_kurata.md","angular","232:1","MD007/ul-indent"," Unordered list indentation ","[Expected: 0; Actual: 1]"
"getting_started_deborah_kurata.md","angular","233:1","MD004/ul-style"," Unordered list style ","[Expected: asterisk; Actual: dash]"
"getting_started_deborah_kurata.md","angular","233:1","MD005/list-indent"," Inconsistent indentation for list items at the same level ","[Expected: 1; Actual: 2]"
"getting_started_deborah_kurata.md","angular","233:1","MD007/ul-indent"," Unordered list indentation ","[Expected: 0; Actual: 2]"
"getting_started_deborah_kurata.md","angular","233:14","MD009/no-trailing-spaces"," Trailing spaces ","[Expected: 0 or 2; Actual: 1]"
"getting_started_deborah_kurata.md","angular","234:1","MD004/ul-style"," Unordered list style ","[Expected: asterisk; Actual: dash]"
"getting_started_deborah_kurata.md","angular","234:1","MD005/list-indent"," Inconsistent indentation for list items at the same level ","[Expected: 1; Actual: 3]"
"getting_started_deborah_kurata.md","angular","234:1","MD007/ul-indent"," Unordered list indentation ","[Expected: 0; Actual: 3]"
"getting_started_deborah_kurata.md","angular","235:1","MD004/ul-style"," Unordered list style ","[Expected: asterisk; Actual: dash]"
"getting_started_deborah_kurata.md","angular","235:1","MD007/ul-indent"," Unordered list indentation ","[Expected: 0; Actual: 1]"
"getting_started_deborah_kurata.md","angular","236:1","MD004/ul-style"," Unordered list style ","[Expected: asterisk; Actual: dash]"
"getting_started_deborah_kurata.md","angular","236:1","MD007/ul-indent"," Unordered list indentation ","[Expected: 0; Actual: 1]"
"getting_started_deborah_kurata.md","angular","237:1","MD004/ul-style"," Unordered list style ","[Expected: asterisk; Actual: dash]"
"getting_started_deborah_kurata.md","angular","237:1","MD005/list-indent"," Inconsistent indentation for list items at the same level ","[Expected: 1; Actual: 2]"
"getting_started_deborah_kurata.md","angular","237:1","MD007/ul-indent"," Unordered list indentation ","[Expected: 0; Actual: 2]"
"getting_started_deborah_kurata.md","angular","238:1","MD004/ul-style"," Unordered list style ","[Expected: asterisk; Actual: dash]"
"getting_started_deborah_kurata.md","angular","238:1","MD007/ul-indent"," Unordered list indentation ","[Expected: 0; Actual: 1]"
"getting_started_deborah_kurata.md","angular","239:1","MD004/ul-style"," Unordered list style ","[Expected: asterisk; Actual: dash]"
"getting_started_deborah_kurata.md","angular","239:1","MD007/ul-indent"," Unordered list indentation ","[Expected: 0; Actual: 1]"
"getting_started_deborah_kurata.md","angular","240:1","MD004/ul-style"," Unordered list style ","[Expected: asterisk; Actual: dash]"
"getting_started_deborah_kurata.md","angular","240:1","MD007/ul-indent"," Unordered list indentation ","[Expected: 2; Actual: 3]"
"getting_started_deborah_kurata.md","angular","242","MD012/no-multiple-blanks"," Multiple consecutive blank lines ","[Expected: 1; Actual: 2]"
"getting_started_deborah_kurata.md","angular","243","MD012/no-multiple-blanks"," Multiple consecutive blank lines ","[Expected: 1; Actual: 3]"
"getting_started_deborah_kurata.md","angular","246:148","MD047/single-trailing-newline"," Files should end with a single newline character","["
"keep_alive.md","appharbor","5","MD034/no-bare-urls"," Bare URL used ","[Context: ""http://www.jefclaes.be/2013/01...""]"
"keep_alive.md","appharbor","7","MD034/no-bare-urls"," Bare URL used ","[Context: ""http://guessaguid.apphb.com/ap...""]"
"keep_alive.md","appharbor","13:1","MD007/ul-indent"," Unordered list indentation ","[Expected: 0; Actual: 1]"
"keep_alive.md","appharbor","13:4","MD034/no-bare-urls"," Bare URL used ","[Context: ""https://coderwall.com/p/qqqxbg...""]"
"keep_alive.md","appharbor","13:89","MD047/single-trailing-newline"," Files should end with a single newline character","["
"asp_net_mvc_3_patch.md","asp.net_mvc","7","MD012/no-multiple-blanks"," Multiple consecutive blank lines ","[Expected: 1; Actual: 2]"
"asp_net_mvc_3_patch.md","asp.net_mvc","10","MD012/no-multiple-blanks"," Multiple consecutive blank lines ","[Expected: 1; Actual: 2]"
"asp_net_mvc_3_patch.md","asp.net_mvc","13:62","MD033/no-inline-html"," Inline HTML ","[Element: br]"
"asp_net_mvc_3_patch.md","asp.net_mvc","14:65","MD033/no-inline-html"," Inline HTML ","[Element: br]"
"asp_net_mvc_3_patch.md","asp.net_mvc","15:131","MD033/no-inline-html"," Inline HTML ","[Element: br]"
"asp_net_mvc_3_patch.md","asp.net_mvc","16:137","MD033/no-inline-html"," Inline HTML ","[Element: br]"
"asp_net_mvc_3_patch.md","asp.net_mvc","28","MD012/no-multiple-blanks"," Multiple consecutive blank lines ","[Expected: 1; Actual: 2]"
"asp_net_mvc_3_patch.md","asp.net_mvc","38","MD012/no-multiple-blanks"," Multiple consecutive blank lines ","[Expected: 1; Actual: 2]"
"asp_net_mvc_3_patch.md","asp.net_mvc","47","MD012/no-multiple-blanks"," Multiple consecutive blank lines ","[Expected: 1; Actual: 2]"
"clear_caches.md","asp.net_mvc","26:34","MD034/no-bare-urls"," Bare URL used ","[Context: ""http://stackoverflow.com/a/223...""]"
"clear_caches.md","asp.net_mvc","28","MD012/no-multiple-blanks"," Multiple consecutive blank lines ","[Expected: 1; Actual: 2]"
"clear_caches.md","asp.net_mvc","125","MD012/no-multiple-blanks"," Multiple consecutive blank lines ","[Expected: 1; Actual: 2]"
"clear_caches.md","asp.net_mvc","128","MD012/no-multiple-blanks"," Multiple consecutive blank lines ","[Expected: 1; Actual: 2]"
"clear_caches.md","asp.net_mvc","131:1","MD007/ul-indent"," Unordered list indentation ","[Expected: 0; Actual: 1]"
"clear_caches.md","asp.net_mvc","131:4","MD034/no-bare-urls"," Bare URL used ","[Context: ""http://stackoverflow.com/quest...""]"
"clear_caches.md","asp.net_mvc","132:1","MD007/ul-indent"," Unordered list indentation ","[Expected: 0; Actual: 1]"
"clear_caches.md","asp.net_mvc","132:4","MD034/no-bare-urls"," Bare URL used ","[Context: ""http://stackoverflow.com/quest...""]"
"clear_caches.md","asp.net_mvc","133:1","MD009/no-trailing-spaces"," Trailing spaces ","[Expected: 0 or 2; Actual: 1]"
"clear_caches.md","asp.net_mvc","136:1","MD007/ul-indent"," Unordered list indentation ","[Expected: 0; Actual: 1]"
"clear_caches.md","asp.net_mvc","136:46","MD047/single-trailing-newline"," Files should end with a single newline character","["
"custom_errors.md","asp.net_mvc","5","MD012/no-multiple-blanks"," Multiple consecutive blank lines ","[Expected: 1; Actual: 2]"
"custom_errors.md","asp.net_mvc","23","MD012/no-multiple-blanks"," Multiple consecutive blank lines ","[Expected: 1; Actual: 2]"
"custom_errors.md","asp.net_mvc","50","MD012/no-multiple-blanks"," Multiple consecutive blank lines ","[Expected: 1; Actual: 2]"
"custom_errors.md","asp.net_mvc","51","MD012/no-multiple-blanks"," Multiple consecutive blank lines ","[Expected: 1; Actual: 3]"
"custom_errors.md","asp.net_mvc","59","MD012/no-multiple-blanks"," Multiple consecutive blank lines ","[Expected: 1; Actual: 2]"
"custom_errors.md","asp.net_mvc","60","MD012/no-multiple-blanks"," Multiple consecutive blank lines ","[Expected: 1; Actual: 3]"
"custom_errors.md","asp.net_mvc","65","MD012/no-multiple-blanks"," Multiple consecutive blank lines ","[Expected: 1; Actual: 2]"
"custom_errors.md","asp.net_mvc","68","MD012/no-multiple-blanks"," Multiple consecutive blank lines ","[Expected: 1; Actual: 2]"
"custom_errors.md","asp.net_mvc","93","MD012/no-multiple-blanks"," Multiple consecutive blank lines ","[Expected: 1; Actual: 2]"
"custom_errors.md","asp.net_mvc","100","MD012/no-multiple-blanks"," Multiple consecutive blank lines ","[Expected: 1; Actual: 2]"
"custom_errors.md","asp.net_mvc","101","MD012/no-multiple-blanks"," Multiple consecutive blank lines ","[Expected: 1; Actual: 3]"
"custom_errors.md","asp.net_mvc","102","MD012/no-multiple-blanks"," Multiple consecutive blank lines ","[Expected: 1; Actual: 4]"
"custom_errors.md","asp.net_mvc","105:139","MD009/no-trailing-spaces"," Trailing spaces ","[Expected: 0 or 2; Actual: 1]"
"custom_errors.md","asp.net_mvc","111:120","MD047/single-trailing-newline"," Files should end with a single newline character","["
"elmah.md","asp.net_mvc","7","MD012/no-multiple-blanks"," Multiple consecutive blank lines ","[Expected: 1; Actual: 2]"
"elmah.md","asp.net_mvc","13","MD012/no-multiple-blanks"," Multiple consecutive blank lines ","[Expected: 1; Actual: 2]"
"elmah.md","asp.net_mvc","18","MD012/no-multiple-blanks"," Multiple consecutive blank lines ","[Expected: 1; Actual: 2]"
"elmah.md","asp.net_mvc","36","MD012/no-multiple-blanks"," Multiple consecutive blank lines ","[Expected: 1; Actual: 2]"
"elmah.md","asp.net_mvc","37","MD012/no-multiple-blanks"," Multiple consecutive blank lines ","[Expected: 1; Actual: 3]"
"elmah.md","asp.net_mvc","42","MD012/no-multiple-blanks"," Multiple consecutive blank lines ","[Expected: 1; Actual: 2]"
"elmah.md","asp.net_mvc","45:1","MD007/ul-indent"," Unordered list indentation ","[Expected: 0; Actual: 1]"
"elmah.md","asp.net_mvc","45:4","MD034/no-bare-urls"," Bare URL used ","[Context: ""https://code.google.com/p/elma...""]"
"elmah.md","asp.net_mvc","46:1","MD007/ul-indent"," Unordered list indentation ","[Expected: 0; Actual: 1]"
"elmah.md","asp.net_mvc","46:4","MD034/no-bare-urls"," Bare URL used ","[Context: ""http://haacked.com/archive/200...""]"
"elmah.md","asp.net_mvc","47:1","MD007/ul-indent"," Unordered list indentation ","[Expected: 0; Actual: 1]"
"elmah.md","asp.net_mvc","47:4","MD034/no-bare-urls"," Bare URL used ","[Context: ""https://www.stormconsultancy.c...""]"
"elmah.md","asp.net_mvc","48:1","MD007/ul-indent"," Unordered list indentation ","[Expected: 0; Actual: 1]"
"elmah.md","asp.net_mvc","48:4","MD034/no-bare-urls"," Bare URL used ","[Context: ""http://www.troyhunt.com/2012/0...""]"
"elmah.md","asp.net_mvc","49:1","MD007/ul-indent"," Unordered list indentation ","[Expected: 0; Actual: 1]"
"elmah.md","asp.net_mvc","49:4","MD034/no-bare-urls"," Bare URL used ","[Context: ""http://stackoverflow.com/quest...""]"
"elmah.md","asp.net_mvc","49:79","MD047/single-trailing-newline"," Files should end with a single newline character","["
"from_memory.md","asp.net_mvc","5","MD012/no-multiple-blanks"," Multiple consecutive blank lines ","[Expected: 1; Actual: 2]"
"from_memory.md","asp.net_mvc","22","MD012/no-multiple-blanks"," Multiple consecutive blank lines ","[Expected: 1; Actual: 2]"
"from_memory.md","asp.net_mvc","25","MD012/no-multiple-blanks"," Multiple consecutive blank lines ","[Expected: 1; Actual: 2]"
"from_memory.md","asp.net_mvc","30","MD012/no-multiple-blanks"," Multiple consecutive blank lines ","[Expected: 1; Actual: 2]"
"from_memory.md","asp.net_mvc","43","MD012/no-multiple-blanks"," Multiple consecutive blank lines ","[Expected: 1; Actual: 2]"
"from_memory.md","asp.net_mvc","52","MD012/no-multiple-blanks"," Multiple consecutive blank lines ","[Expected: 1; Actual: 2]"
"from_memory.md","asp.net_mvc","53","MD012/no-multiple-blanks"," Multiple consecutive blank lines ","[Expected: 1; Actual: 3]"
"from_memory.md","asp.net_mvc","54","MD025/single-title/single-h1"," Multiple top level headings in the same document ","[Context: ""# See also""]"
"from_memory.md","asp.net_mvc","56:1","MD007/ul-indent"," Unordered list indentation ","[Expected: 0; Actual: 1]"
"from_memory.md","asp.net_mvc","57:1","MD007/ul-indent"," Unordered list indentation ","[Expected: 0; Actual: 1]"
"get_user_display_name.md","asp.net_mvc","3","MD012/no-multiple-blanks"," Multiple consecutive blank lines ","[Expected: 1; Actual: 2]"
"get_user_display_name.md","asp.net_mvc","6","MD012/no-multiple-blanks"," Multiple consecutive blank lines ","[Expected: 1; Actual: 2]"
"get_user_display_name.md","asp.net_mvc","28","MD012/no-multiple-blanks"," Multiple consecutive blank lines ","[Expected: 1; Actual: 2]"
"get_user_display_name.md","asp.net_mvc","31","MD012/no-multiple-blanks"," Multiple consecutive blank lines ","[Expected: 1; Actual: 2]"
"get_user_display_name.md","asp.net_mvc","34:136","MD047/single-trailing-newline"," Files should end with a single newline character","["
"helpful_error_page.md","asp.net_mvc","5","MD012/no-multiple-blanks"," Multiple consecutive blank lines ","[Expected: 1; Actual: 2]"
"helpful_error_page.md","asp.net_mvc","16","MD012/no-multiple-blanks"," Multiple consecutive blank lines ","[Expected: 1; Actual: 2]"
"helpful_error_page.md","asp.net_mvc","19","MD012/no-multiple-blanks"," Multiple consecutive blank lines ","[Expected: 1; Actual: 2]"
"helpful_error_page.md","asp.net_mvc","24","MD012/no-multiple-blanks"," Multiple consecutive blank lines ","[Expected: 1; Actual: 2]"
"helpful_error_page.md","asp.net_mvc","27","MD012/no-multiple-blanks"," Multiple consecutive blank lines ","[Expected: 1; Actual: 2]"
"return_404.md","asp.net_mvc","1:35","MD026/no-trailing-punctuation"," Trailing punctuation in heading ","[Punctuation: '...']"
"return_404.md","asp.net_mvc","3:16","MD009/no-trailing-spaces"," Trailing spaces ","[Expected: 0 or 2; Actual: 1]"
"return_404.md","asp.net_mvc","11","MD012/no-multiple-blanks"," Multiple consecutive blank lines ","[Expected: 1; Actual: 2]"
"return_404.md","asp.net_mvc","30","MD012/no-multiple-blanks"," Multiple consecutive blank lines ","[Expected: 1; Actual: 2]"
"return_404.md","asp.net_mvc","33","MD012/no-multiple-blanks"," Multiple consecutive blank lines ","[Expected: 1; Actual: 2]"
"return_404.md","asp.net_mvc","36","MD012/no-multiple-blanks"," Multiple consecutive blank lines ","[Expected: 1; Actual: 2]"
"return_404.md","asp.net_mvc","37:17","MD026/no-trailing-punctuation"," Trailing punctuation in heading ","[Punctuation: '...']"
"return_404.md","asp.net_mvc","55","MD012/no-multiple-blanks"," Multiple consecutive blank lines ","[Expected: 1; Actual: 2]"
"return_404.md","asp.net_mvc","56","MD012/no-multiple-blanks"," Multiple consecutive blank lines ","[Expected: 1; Actual: 3]"
"return_404.md","asp.net_mvc","59:53","MD009/no-trailing-spaces"," Trailing spaces ","[Expected: 0 or 2; Actual: 1]"
"return_404.md","asp.net_mvc","61","MD012/no-multiple-blanks"," Multiple consecutive blank lines ","[Expected: 1; Actual: 2]"
"scripts_sections.md","asp.net_mvc","10:1","MD009/no-trailing-spaces"," Trailing spaces ","[Expected: 0 or 2; Actual: 4]"
"scripts_sections.md","asp.net_mvc","29:1","MD009/no-trailing-spaces"," Trailing spaces ","[Expected: 0 or 2; Actual: 4]"
"scripts_sections.md","asp.net_mvc","29","MD012/no-multiple-blanks"," Multiple consecutive blank lines ","[Expected: 1; Actual: 2]"
"scripts_sections.md","asp.net_mvc","41:92","MD047/single-trailing-newline"," Files should end with a single newline character","["
